{"stats":{"minecraft:picked_up":{"minecraft:arrow":1},"minecraft:killed":{"minecraft:skeleton":1},"minecraft:custom":{"minecraft:jump":20,"minecraft:time_since_rest":1861,"minecraft:damage_dealt":218,"minecraft:sprint_one_cm":535,"minecraft:leave_game":2,"minecraft:play_time":1861,"minecraft:damage_taken":95,"minecraft:time_since_death":1861,"minecraft:walk_one_cm":5983,"minecraft:sneak_time":4,"minecraft:total_world_time":1861,"minecraft:mob_kills":1,"minecraft:fly_one_cm":13638}},"DataVersion":3839}